as_of_date,account_type,lot_id,ticker,company_name,security_type,sector,risk_profile,quantity,avg_buy_price,current_price,market_value_mln_rub,portfolio_weight_pct,unrealized_pnl_pct,income_yield,days_held
2025-12-31,пенсионный,EL011,BRIZ,Бриз Ойл,акция,Энергетика,высокий,5848.86,338.95,386.4,2.26,2.26,14.0,7.67,128
2025-12-31,ИИС,EL012,BRIZ,Бриз Ойл,акция,Энергетика,высокий,6625.26,364.53,386.4,2.56,2.56,6.0,7.67,241
2025-12-31,брокерский,EL013,BRIZ,Бриз Ойл,акция,Энергетика,высокий,5020.7,398.35,386.4,1.94,1.94,-3.0,7.67,420
2025-12-31,пенсионный,EL014,BRIZ,Бриз Ойл,акция,Энергетика,высокий,7220.5,420.0,386.4,2.79,2.79,-8.0,7.67,67
2025-12-31,ИИС,EL015,BRIZ,Бриз Ойл,акция,Энергетика,высокий,6340.58,439.09,386.4,2.45,2.45,-12.0,7.67,128
2025-12-31,ИИС,EL007,KEDR,Кедр Сеть,акция,Энергетика,низкий,2144.72,1210.57,1319.52,2.83,2.83,9.0,5.12,420
2025-12-31,брокерский,EL008,KEDR,Кедр Сеть,акция,Энергетика,низкий,1758.22,1238.99,1319.52,2.32,2.32,6.5,5.12,67
2025-12-31,пенсионный,EL009,KEDR,Кедр Сеть,акция,Энергетика,низкий,1606.64,1268.77,1319.52,2.12,2.12,4.0,5.12,128
2025-12-31,ИИС,EL010,KEDR,Кедр Сеть,акция,Энергетика,низкий,2068.93,1293.65,1319.52,2.73,2.73,2.0,5.12,241
2025-12-31,ИИС,EL001,NREH,НордРесурс Энерджи,акция,Энергетика,средний,1065.74,3753.24,4072.27,4.34,4.34,8.5,6.24,67
2025-12-31,брокерский,EL002,NREH,НордРесурс Энерджи,акция,Энергетика,средний,1038.73,3878.35,4072.27,4.23,4.23,5.0,6.24,128
2025-12-31,пенсионный,EL003,NREH,НордРесурс Энерджи,акция,Энергетика,средний,896.31,3992.42,4072.27,3.65,3.65,2.0,6.24,241
2025-12-31,ИИС,EL004,NREH,НордРесурс Энерджи,акция,Энергетика,средний,1031.37,4134.28,4072.27,4.2,4.2,-1.5,6.24,420
2025-12-31,брокерский,EL005,NREH,НордРесурс Энерджи,акция,Энергетика,средний,702.31,4241.95,4072.27,2.86,2.86,-4.0,6.24,67
2025-12-31,пенсионный,EL006,NREH,НордРесурс Энерджи,акция,Энергетика,средний,790.71,3668.71,4072.27,3.22,3.22,11.0,6.24,128
2025-12-31,пенсионный,EL020,SOLN,Солана Пауэр,акция,Энергетика,средний,6585.51,220.26,200.44,1.32,1.32,-9.0,2.68,176
2025-12-31,ИИС,EL021,SOLN,Солана Пауэр,акция,Энергетика,средний,9878.27,230.39,200.44,1.98,1.98,-13.0,2.68,310
2025-12-31,брокерский,EL022,SOLN,Солана Пауэр,акция,Энергетика,средний,8481.34,244.44,200.44,1.7,1.7,-18.0,2.68,35
2025-12-31,пенсионный,EL023,STEL,Стелла Энерго,акция,Энергетика,низкий,749.06,2008.87,2109.31,1.58,1.58,5.0,6.21,420
2025-12-31,ИИС,EL024,STEL,Стелла Энерго,акция,Энергетика,низкий,1052.48,2078.14,2109.31,2.22,2.22,1.5,6.21,67
2025-12-31,брокерский,EL025,STEL,Стелла Энерго,акция,Энергетика,низкий,1043.0,2152.36,2109.31,2.2,2.2,-2.0,6.21,128
2025-12-31,ИИС,EL016,TERA,Терра Газ,акция,Энергетика,средний,2348.21,773.91,804.87,1.89,1.89,4.0,5.19,35
2025-12-31,брокерский,EL017,TERA,Терра Газ,акция,Энергетика,средний,2410.33,825.51,804.87,1.94,1.94,-2.5,5.19,92
2025-12-31,пенсионный,EL018,TERA,Терра Газ,акция,Энергетика,средний,2472.45,865.45,804.87,1.99,1.99,-7.0,5.19,176
2025-12-31,ИИС,EL019,TERA,Терра Газ,акция,Энергетика,средний,3329.73,904.35,804.87,2.68,2.68,-11.0,5.19,310
2025-12-31,пенсионный,EL026,VEGA,Вега Петро,акция,Энергетика,средний,785.03,2522.93,2598.62,2.04,2.04,3.0,6.66,92
2025-12-31,ИИС,EL027,VEGA,Вега Петро,акция,Энергетика,средний,927.42,2624.87,2598.62,2.41,2.41,-1.0,6.66,176
2025-12-31,брокерский,EL028,VEGA,Вега Петро,акция,Энергетика,средний,981.29,2779.27,2598.62,2.55,2.55,-6.5,6.66,310
2025-12-31,ИИС,EL034,BRIZ27,Бриз Ойл БО-27,облигация,Энергетика,высокий,14957.93,92.57,96.27,1.44,1.44,4.0,18.1,92
2025-12-31,брокерский,EL035,BRIZ27,Бриз Ойл БО-27,облигация,Энергетика,высокий,21709.77,94.85,96.27,2.09,2.09,1.5,18.1,176
2025-12-31,пенсионный,EL036,BRIZ27,Бриз Ойл БО-27,облигация,Энергетика,высокий,14646.31,98.74,96.27,1.41,1.41,-2.5,18.1,310
2025-12-31,ИИС,EL037,BRIZ27,Бриз Ойл БО-27,облигация,Энергетика,высокий,21398.15,102.41,96.27,2.06,2.06,-6.0,18.1,35
2025-12-31,пенсионный,EL029,NREH27,НордРесурс Энерджи БО-27,облигация,Энергетика,средний,25866.42,96.93,98.97,2.56,2.56,2.1,12.48,241
2025-12-31,ИИС,EL030,NREH27,НордРесурс Энерджи БО-27,облигация,Энергетика,средний,20309.18,97.6,98.97,2.01,2.01,1.4,12.48,420
2025-12-31,брокерский,EL031,NREH27,НордРесурс Энерджи БО-27,облигация,Энергетика,средний,26371.63,98.38,98.97,2.61,2.61,0.6,12.48,67
2025-12-31,пенсионный,EL032,NREH27,НордРесурс Энерджи БО-27,облигация,Энергетика,средний,28291.4,99.47,98.97,2.8,2.8,-0.5,12.48,128
2025-12-31,ИИС,EL033,NREH27,НордРесурс Энерджи БО-27,облигация,Энергетика,средний,20410.23,97.99,98.97,2.02,2.02,1.0,12.48,241
2025-12-31,пенсионный,EL041,STEL28,Стелла Энерго БО-28,облигация,Энергетика,низкий,11350.62,95.08,96.03,1.09,1.09,1.0,13.44,67
2025-12-31,ИИС,EL042,STEL28,Стелла Энерго БО-28,облигация,Энергетика,низкий,9476.21,96.61,96.03,0.91,0.91,-0.6,13.44,128
2025-12-31,пенсионный,EL038,TERA30,Терра Газ БО-30,облигация,Энергетика,средний,19758.02,87.64,90.09,1.78,1.78,2.8,15.62,310
2025-12-31,ИИС,EL039,TERA30,Терра Газ БО-30,облигация,Энергетика,средний,17427.02,91.46,90.09,1.57,1.57,-1.5,15.62,35
2025-12-31,брокерский,EL040,TERA30,Терра Газ БО-30,облигация,Энергетика,средний,18315.02,94.34,90.09,1.65,1.65,-4.5,15.62,92
2025-12-31,ИИС,EL043,VEGA29,Вега Петро БО-29,облигация,Энергетика,средний,14977.69,92.29,94.14,1.41,1.41,2.0,16.29,128
2025-12-31,брокерский,EL044,VEGA29,Вега Петро БО-29,облигация,Энергетика,средний,16889.74,95.28,94.14,1.59,1.59,-1.2,16.29,241
